publishedDate,title,image,site,text,url,symbol,similarity_score,sentiment_score,sentiment_class,confidence,relevance,impact_length,importance,uniqueness,,,,,,,,,,,,,,,,,,
2/2/2025 3:00,EUR/USD Pulls Back Ahead of December High,https://images.financialmodelingprep.com/news/eurusd-pulls-back-ahead-of-december-high-20250201.jpg,forex.com,EUR/USD starts to carve a series of lower highs and lows as it slips to a fresh weekly low (1.0360).,https://www.forex.com/en-us/news-and-analysis/eurusd-pulls-back-ahead-of-december-high-02-02-2025/,EURUSD,0.7,-0.6,-1,0.8,1,week,0.7,,,,,,,,,,,,,,,,,,,
2/3/2025 0:33,"EUR/USD slumps to 1.0200 neighborhood, multi-week low on Trump's trade tariffs",https://images.financialmodelingprep.com/news/eurusd-slumps-to-10200-neighborhood-multiweek-low-on-trumps-20250202.jpg,fxstreet.com,"The EUR/USD pair attracts heavy follow-through selling on Monday and dives to the 1.0200 neighborhood, or a three-week low during the early Asian session. Spot prices have now moved back closer to over a two-year low touched in January and seem vulnerable to prolonging a multi-month-old downtrend.",https://www.fxstreet.com/news/eur-usd-slumps-to-10200-neighborhood-multi-week-low-on-trumps-trade-tariffs-202502030033,EURUSD,0.9,-0.8,-1,0.95,1,month,0.9,2,,,,,,,,,,,,,,,,,,
2/3/2025 4:19,"Greenback Surges, Dragging EUR/USD Lower at Market Open",https://images.financialmodelingprep.com/news/greenback-surges-dragging-eurusd-lower-at-market-open-20250202.jpg,actionforex.com,The Euro started another decline from the 1.0530 zone against the US Dollar. EUR/USD traded below the 1.0450 and 1.0420 support levels to enter a bearish zone.,https://www.actionforex.com/contributors/technical-analysis/584799-greenback-surges-dragging-eur-usd-lower-at-market-open/,EURUSD,0.8,-0.7,-1,0.9,1,week,0.8,2,,,,,,,,,,,,,,,,,,
2/3/2025 8:12,US Dollar Forecast: Will DXY Break 110? Tariffs and PMI Data Set the Tone – GBP/USD and EUR/USD Outlook,https://images.financialmodelingprep.com/news/us-dollar-forecast-will-dxy-break-110-tariffs-and-20250203.jpg,fxempire.com,The US Dollar (DXY) eyes the 110 mark amid strong PMI data and new tariffs. Discover key trends for GBP/USD and EUR/USD.,https://www.fxempire.com/forecasts/article/us-dollar-forecast-will-dxy-break-110-tariffs-and-pmi-data-set-the-tone-gbp-usd-and-eur-usd-outlook-1494726,EURUSD,0.8,-0.6,-1,0.8,0.9,month,0.7,2,,,,,,,,,,,,,,,,,,
2/3/2025 8:35,"EURUSD, Gold Forecast: Markets Spiral on Trade War Risks",https://images.financialmodelingprep.com/news/eurusd-gold-forecast-markets-spiral-on-trade-war-risks-20250203.jpg,forex.com,"EURUSD, Gold Forecast: As Trump tariff risks involving Canada, Mexico, China, and the EU return to the headlines, the US Dollar Index (DXY) surged on inflation momentum, while global markets plunged. However, safe-haven assets may remain resilient.",https://www.forex.com/en-us/news-and-analysis/eurusd-gold-forecast-markets-spiral-on-trade-war-risks/,EURUSD,0.9,-0.7,-1,0.8,1,month,0.8,2,,,,,,,,,,,,,,,,,,
2/3/2025 9:35,EUR/USD: Risk is for further Euro weakness – UOB Group,https://images.financialmodelingprep.com/news/eurusd-risk-is-for-further-euro-weakness-uob-group-20250203.jpg,fxstreet.com,"Oversold decline has not stabilized; support levels are at 1.0175 and 1.0100. In the longer run, risk is for further Euro (EUR) weakness; it remains to be seen if it can break and remain below 1.0100, UOB Group's FX analysts Quek Ser Leang and Peter Chia note.",https://www.fxstreet.com/news/eur-usd-risk-is-for-further-euro-weakness-uob-group-202502030935,EURUSD,0.3,-0.7,-1,0.8,1,month,0.7,,,,,,,,,,,,,,,,,,,
2/3/2025 10:13,EUR/USD slumps by over 1% as US President Trump reiterates tariff threats on Eurozone,https://images.financialmodelingprep.com/news/eurusd-slumps-by-over-1-as-us-president-trump-20250203.jpg,fxstreet.com,EUR/USD nosedives over 1% to near 1.0240 at the start of the week. The major currency pair plummets as United States (US) President Donald Trump reiterates threats to impose tariffs on the European Union (EU).,https://www.fxstreet.com/news/eur-usd-slumps-by-over-1-as-us-president-trump-reiterates-tariff-threats-on-eurozone-202502031013,EURUSD,0.9,-0.8,-1,0.95,1,week,0.85,2,,,,,,,,,,,,,,,,,,
2/3/2025 14:01,"EUR/USD, USD/JPY and AUD/USD Forecast – US Dollar Surges After Tariff Announcement",https://images.financialmodelingprep.com/news/eurusd-usdjpy-and-audusd-forecast-us-dollar-surges-after-20250203.jpg,fxempire.com,"The US dollar has been very strong in the early hours of Monday, as Donald Trump has announced tariffs against Mexico and Canada.",https://www.fxempire.com/forecasts/article/eur-usd-usd-jpy-and-aud-usd-forecast-us-dollar-surges-after-tariff-announcement-1495032,EURUSD,0.8,-0.7,-1,0.8,0.9,week,0.7,2,,,,,,,,,,,,,,,,,,
2/3/2025 16:06,"EUR/USD Price Analysis: Pair trims losses after sharp drop, remains below 20-day SMA",https://images.financialmodelingprep.com/news/eurusd-price-analysis-pair-trims-losses-after-sharp-drop-20250203.jpg,fxstreet.com,"The EUR/USD pair continued its downward trajectory on Monday, slipping to a low around 1.0200 before staging a brief rebound to 1.0300. However, the failed attempt to extend gains highlights the prevailing selling pressure, keeping the pair below its 20-day Simple Moving Average (SMA) and maintaining a bearish outlook.",https://www.fxstreet.com/news/eur-usd-price-analysis-pair-trims-losses-after-sharp-drop-remains-below-20-day-sma-202502031606,EURUSD,0.6,-0.7,-1,0.8,1,week,0.7,2,,,,,,,,,,,,,,,,,,
2/3/2025 16:13,Euro Technical Analysis: EUR/USD Spill as Threat of Trump Tariffs Hits Euro,https://images.financialmodelingprep.com/news/euro-technical-analysis-eurusd-spill-as-threat-of-trump-tariffs-20250203.jpg,forex.com,"Trump tariffs are zeroing in on Europe although there's still a large amount of uncertainty. The pair responded to the threat with a strong sell-off at the open, that it's now trying to claw back.",https://www.forex.com/en-us/news-and-analysis/euro-ta-eurusd-spill-as-threat-of-trump-tariffs-hits-euro/,EURUSD,0.9,-0.7,-1,0.8,1,week,0.7,2,,,,,,,,,,,,,,,,,,
2/3/2025 17:02,"U.S. Dollar Retreats From Session Highs As U.S. Pauses Tariffs On Mexico: Analysis For EUR/USD, GBP/USD, USD/CAD, USD/JPY",https://images.financialmodelingprep.com/news/us-dollar-retreats-from-session-highs-as-us-pauses-20250203.jpg,fxempire.com,U.S. paused new tariffs on Mexico as the country agreed to reinforce the border.,https://www.fxempire.com/forecasts/article/u-s-dollar-retreats-from-session-highs-as-u-s-pauses-tariffs-on-mexico-analysis-for-eur-usd-gbp-usd-usd-cad-usd-jpy-1495110,EURUSD,-0.3,0.2,1,0.6,0.4,week,0.3,,,,,,,,,,,,,,,,,,,
2/3/2025 23:43,EUR/USD trims losses but still sheds weight,https://images.financialmodelingprep.com/news/eurusd-trims-losses-but-still-sheds-weight-20250203.jpg,fxstreet.com,"EUR/USD dropped sharply following fresh tariff threats from US President Donald Trump, impacting the markets. However, significant declines in global risk markets eased as the Trump administration offered 30-day concessions on impending tariffs for Canada and Mexico.",https://www.fxstreet.com/news/eur-usd-trims-losses-but-still-sheds-weight-202502032343,EURUSD,0.7,-0.6,-1,0.8,0.9,week,0.7,2,,,,,,,,,,,,,,,,,,
2/4/2025 5:22,EUR/USD breaks below 1.0300 following implementation of US tariffs on China,https://images.financialmodelingprep.com/news/eurusd-breaks-below-10300-following-implementation-of-us-tariffs-20250204.jpg,fxstreet.com,"EUR/USD extends its losing streak after surrendering daily gains, trading around 1.0280 during the Asian session on Tuesday. The pair loses ground as the US Dollar appreciates due to a 10% tariff implementation on China.",https://www.fxstreet.com/news/eur-usd-breaks-below-10300-following-implementation-of-us-tariffs-on-china-202502040522,EURUSD,0.3,-0.7,-1,0.8,0.9,week,0.7,,,,,,,,,,,,,,,,,,,
2/4/2025 8:38,EUR/USD: Continues to trade in a choppy manner – UOB Group,https://images.financialmodelingprep.com/news/eurusd-continues-to-trade-in-a-choppy-manner-uob-20250204.jpg,fxstreet.com,"Euro (EUR) could continue to trade in a choppy manner, probably between 1.0255 and 1.0370. In the longer run, risk is for further EUR weakness; it remains to be seen if it can break and remain below 1.0100, UOB Group's FX analysts Quek Ser Leang and Peter Chia note.",https://www.fxstreet.com/news/eur-usd-continues-to-trade-in-a-choppy-manner-uob-group-202502040838,EURUSD,0.2,-0.3,-1,0.7,1,week,0.5,,,,,,,,,,,,,,,,,,,
2/4/2025 9:22,US Dollar Forecast: Will JOLTS Job Data Drive Volatility? – GBP/USD and EUR/USD Outlook,https://images.financialmodelingprep.com/news/us-dollar-forecast-will-jolts-job-data-drive-volatility-20250204.jpg,fxempire.com,"US Dollar steadies as traders await JOLTS job data, with potential volatility ahead for GBP/USD and EUR/USD.",https://www.fxempire.com/forecasts/article/us-dollar-forecast-will-jolts-job-data-drive-volatility-gbp-usd-and-eur-usd-outlook-1495197,EURUSD,0,0,0,0.5,0.5,day,0.5,,,,,,,,,,,,,,,,,,,
2/4/2025 10:02,EUR/USD recovers as Trump postpones tariffs on Canada and Mexico,https://images.financialmodelingprep.com/news/eurusd-recovers-as-trump-postpones-tariffs-on-canada-and-20250204.jpg,fxstreet.com,EUR/USD bounces back from the intraday low of 1.0270 and rebounds to near 1.0350 in Tuesday's European session. The major currency pair finds buyers' demand as United States (US) President Donald Trump's decision to postpone tariffs on Canada and Mexico has diminished the safe-haven appeal of the US Dollar (USD).,https://www.fxstreet.com/news/eur-usd-recovers-as-trump-postpones-tariffs-on-canada-and-mexico-202502041002,EURUSD,-0.5,0.6,1,0.8,0.9,week,0.7,,,,,,,,,,,,,,,,,,,
2/4/2025 13:48,EUR/USD –04.02.2025,https://images.financialmodelingprep.com/news/eurusd-04022025-20250204.jpg,orbex.com,"The Euro opened this week with gap lower after the new US tariffs, as the market managed to cover the price gap all the way toward 1.0350. As we see over the chart, the market is facing Intraday resistance around 1.0350-60 which could create a trading zone toward the 1.0175 support.",https://www.orbex.com/blog/en/2025/02/eur-usd-04-02-2025,EURUSD,0.9,-0.7,-1,0.85,1,week,0.8,,,,,,,,,,,,,,,,,,,
2/4/2025 14:23,"EUR/USD, USD/JPY and AUD/USD Price Outlook – US Dollar Continues to Hold Gains",https://images.financialmodelingprep.com/news/eurusd-usdjpy-and-audusd-price-outlook-us-dollar-continues-20250204.jpg,fxempire.com,"The US dollar has been somewhat strong in the early hours of Tuesday, as the market continues to pay close attention to the overall global situation, and the potential for more tariffs.",https://www.fxempire.com/forecasts/article/eur-usd-usd-jpy-and-aud-usd-price-outlook-us-dollar-continues-to-hold-gains-1495323,EURUSD,0.8,-0.7,-1,0.8,0.9,week,0.7,,,,,,,,,,,,,,,,,,,
2/4/2025 16:13,"EUR/USD Price Analysis: Pair gains traction, breaks above key resistance",https://images.financialmodelingprep.com/news/eurusd-price-analysis-pair-gains-traction-breaks-above-key-20250204.jpg,fxstreet.com,"The EUR/USD pair extended its upward movement on Tuesday, advancing to 1.0335 and showing renewed buying interest. The rally helped the pair break above the critical 20-day Simple Moving Average (SMA) at 1.0360, a key level that had previously capped gains.",https://www.fxstreet.com/news/eur-usd-price-analysis-pair-gains-traction-breaks-above-key-resistance-202502041613,EURUSD,0,0.7,1,0.8,1,day,0.6,,,,,,,,,,,,,,,,,,,
2/4/2025 16:44,"U.S. Dollar Retreats As JOLTs Report Misses Expectations: Analysis For EUR/USD, GBP/USD, USD/CAD, USD/JPY",https://images.financialmodelingprep.com/news/us-dollar-retreats-as-jolts-report-misses-expectations-analysis-20250204.jpg,fxempire.com,U.S. dollar continues to move away from recent highs as traders react to weak job market data.,https://www.fxempire.com/forecasts/article/u-s-dollar-retreats-as-jolts-report-misses-expectations-analysis-for-eur-usd-gbp-usd-usd-cad-usd-jpy-1495397,EURUSD,0,0.7,1,0.8,0.9,week,0.7,,,,,,,,,,,,,,,,,,,
2/4/2025 18:09,EUR/USD Elliott Wave Analysis: Gap Down Fully Retraced,https://images.financialmodelingprep.com/news/eurusd-elliott-wave-analysis-gap-down-fully-retraced-20250204.jpg,fxempire.com,"EUR/USD has been trending lower since September 2024, covering a range of nearly 1000 pips.",https://www.fxempire.com/forecasts/article/eur-usd-elliott-wave-analysis-gap-down-fully-retraced-1495426,EURUSD,0.8,-0.7,-1,0.8,1,month,0.7,1,,,,,,,,,,,,,,,,,,
2/4/2025 18:29,"EUR/USD, USD/JPY, U.S. Dollar Price Action Setups",https://images.financialmodelingprep.com/news/eurusd-usdjpy-us-dollar-price-action-setups-20250204.jpg,forex.com,"Trump volatility is back and the USD has put in wide swings on the back of the tariff topic, and Europe still seems in the President's crosshairs which could keep the DXY volatility flowing.",https://www.forex.com/en-us/news-and-analysis/eurusd-usdjpy-us-dollar-price-action-setups-2425/,EURUSD,0.8,-0.6,-1,0.8,0.9,month,0.7,2,,,,,,,,,,,,,,,,,,
2/4/2025 23:58,EUR/USD bounces as market pressures abate,https://images.financialmodelingprep.com/news/eurusd-bounces-as-market-pressures-abate-20250204.jpg,fxstreet.com,"EUR/USD lurched higher by eight-tenths of one percent on Tuesday, regaining lost ground but failing to recapture the 1.0400 handle. Fiber has snapped a six-day losing streak, but overall bullish momentum remains thin with the Euro at the mercy of overall market flows and looming US Nonfarm Payrolls (NFP) figures.",https://www.fxstreet.com/news/eur-usd-bounces-as-market-pressures-abate-202502042358,EURUSD,-0.2,0.1,1,0.6,1,day,0.3,,,,,,,,,,,,,,,,,,,
2/5/2025 10:32,EUR/USD advances as investors see limited trade war between US and China,https://images.financialmodelingprep.com/news/eurusd-advances-as-investors-see-limited-trade-war-between-20250205.jpg,fxstreet.com,EUR/USD advances above 1.0400 in Wednesday's European session. The major currency pair gains as the US Dollar (USD) extends its losing streak for the third trading day.,https://www.fxstreet.com/news/eur-usd-advances-as-investors-see-limited-trade-war-between-us-and-china-202502051032,EURUSD,0.2,0.6,1,0.8,0.9,week,0.7,,,,,,,,,,,,,,,,,,,
2/5/2025 12:06,More crowded US dollar trade ramps up expectations for euro parity,https://images.financialmodelingprep.com/news/more-crowded-us-dollar-trade-ramps-up-expectations-for-20250205.jpg,reuters.com,"A crowded strong U.S. dollar trade is set to get more bunched up in coming months, with near one-third of currency strategists polled by Reuters now expecting the euro to fall to parity with the dollar or below versus only one-fifth last month.",https://www.reuters.com/markets/currencies/more-crowded-us-dollar-trade-ramps-up-expectations-euro-parity-2025-02-05/,EURUSD,0.7,-0.8,-1,0.9,1,month,0.8,2,,,,,,,,,,,,,,,,,,
2/5/2025 12:30,EUR/USD forecast: Key risk remains tariffs as focus momentarily shifts to data,https://images.financialmodelingprep.com/news/eurusd-forecast-key-risk-remains-tariffs-as-focus-momentarily-20250205.jpg,forex.com,"While it may be up for the third consecutive day now, the medium-term EUR/USD forecast is not yet completely positive. After all, the Eurozone is subject to prolonged trade negotiations with the Trump administration.",https://www.forex.com/en-us/news-and-analysis/eur-usd-forecast-key-risk-remains-tariffs-as-focus-momentarily-shifts-to-data/,EURUSD,0.7,-0.3,-1,0.7,0.9,month,0.8,2,,,,,,,,,,,,,,,,,,
2/5/2025 14:19,"EUR/USD, USD/JPY and AUD/USD Forecast – US Dollar Continues to Sell Off for Now",https://images.financialmodelingprep.com/news/eurusd-usdjpy-and-audusd-forecast-us-dollar-continues-to-20250205.jpg,fxempire.com,"The US dollar has been a bit soft in the early hours of Wednesday, but at this point, we are starting to approach significant US dollar supportive areas. At this point, we might see the USD try to recover soon.",https://www.fxempire.com/forecasts/article/eur-usd-usd-jpy-and-aud-usd-forecast-us-dollar-continues-to-sell-off-for-now-1495635,EURUSD,0.2,0.1,1,0.6,0.8,week,0.4,,,,,,,,,,,,,,,,,,,
2/5/2025 16:13,"EUR/USD Price Analysis: Pair extends gains above 20-day SMA, sustaining bullish momentum",https://images.financialmodelingprep.com/news/eurusd-price-analysis-pair-extends-gains-above-20day-sma-20250205.jpg,fxstreet.com,"The EUR/USD pair continued its bullish advance on Wednesday, rising by 0.39% to 1.0420 as buyers maintained control. With the latest price action, the pair has decisively climbed above the 20-day Simple Moving Average (SMA), a key resistance level that had previously limited upside attempts.",https://www.fxstreet.com/news/eur-usd-price-analysis-pair-extends-gains-above-20-day-sma-sustaining-bullish-momentum-202502051613,EURUSD,-0.2,0.39,1,0.8,1,week,0.6,,,,,,,,,,,,,,,,,,,
2/5/2025 17:05,"U.S. Dollar Retreats As Treasury Yields Pull Back: Analysis For EUR/USD, GBP/USD, USD/CAD, USD/JPY",https://images.financialmodelingprep.com/news/us-dollar-retreats-as-treasury-yields-pull-back-analysis-20250205.jpg,fxempire.com,U.S. dollar is moving lower as traders react to ADP Employment Change and ISM Services PMI reports.,https://www.fxempire.com/forecasts/article/u-s-dollar-retreats-as-treasury-yields-pull-back-analysis-for-eur-usd-gbp-usd-usd-cad-usd-jpy-1495698,EURUSD,0,0.6,1,0.8,0.7,day,0.6,,,,,,,,,,,,,,,,,,,
2/5/2025 20:20,US Dollar Forecast: EUR/USD Snaps Back Ahead of January Low,https://images.financialmodelingprep.com/news/us-dollar-forecast-eurusd-snaps-back-ahead-of-january-20250205.jpg,forex.com,EUR/USD snaps back ahead of the January low (1.0178) to extend the rebound from the weekly low (1.0211).,https://www.forex.com/en-us/news-and-analysis/us-dollar-forecast-eurusd-snaps-back-ahead-of-january-low-02-05-2025/,EURUSD,0.2,-0.3,-1,0.6,0.8,week,0.5,,,,,,,,,,,,,,,,,,,
2/5/2025 23:36,EUR/USD stuck on familiar technical levels during midweek lull,https://images.financialmodelingprep.com/news/eurusd-stuck-on-familiar-technical-levels-during-midweek-lull-20250205.jpg,fxstreet.com,"EUR/USD dragged its feet on Wednesday, finding some topside bidding action as a broad-market recovery in risk appetite keeps bids behind the US Dollar under pressure. The Euro is struggling to find its feet after snapping a six-day losing streak, and EUR/USD remains hobbled by the 1.0400 handle.",https://www.fxstreet.com/news/eur-usd-stuck-on-familiar-technical-levels-during-midweek-lull-202502052336,EURUSD,0,-0.2,-1,0.6,1,day,0.3,,,,,,,,,,,,,,,,,,,
2/6/2025 5:06,EUR/USD holds losses below 1.0400 ahead of Eurozone Retail Sales data,https://images.financialmodelingprep.com/news/eurusd-holds-losses-below-10400-ahead-of-eurozone-retail-20250206.jpg,fxstreet.com,"EUR/USD depreciates after two days of gains, trading around 1.0390 during the Asian session on Thursday. Traders await Eurozone Retail Sales data scheduled to be released later in the day.",https://www.fxstreet.com/news/eur-usd-holds-losses-below-10400-ahead-of-eurozone-retail-sales-data-202502060506,EURUSD,0,-0.3,-1,0.6,0.8,day,0.4,,,,,,,,,,,,,,,,,,,
2/6/2025 8:05,"US Dollar Forecast: ADP Jobs Data Lifts DXY, GBP/USD and EUR/USD Outlook",https://images.financialmodelingprep.com/news/us-dollar-forecast-adp-jobs-data-lifts-dxy-gbpusd-20250206.jpg,fxempire.com,"US Dollar gains after ADP jobs data beats forecasts, while ISM PMI misses expectations. How will GBP/USD and EUR/USD react?",https://www.fxempire.com/forecasts/article/us-dollar-forecast-adp-jobs-data-lifts-dxy-gbp-usd-and-eur-usd-outlook-1495784,EURUSD,0,-0.3,-1,0.7,0.8,day,0.5,,,,,,,,,,,,,,,,,,,
2/6/2025 8:32,EUR/USD: Likely to trade between 1.0360 and 1.0430 – UOB Group,https://images.financialmodelingprep.com/news/eurusd-likely-to-trade-between-10360-and-10430-uob-20250206.jpg,fxstreet.com,"Instead of continuing to rise, Euro (EUR) is likely to trade between 1.0360 and 1.0430. In the longer run, outlook is unclear; EUR could trade in a broad range of 1.0250/1.0490 for the time being, UOB Group's FX analysts Quek Ser Leang and Peter Chia note.",https://www.fxstreet.com/news/eur-usd-likely-to-trade-between-10360-and-10430-uob-group-202502060832,EURUSD,0.2,0,0,0.5,1,week,0.3,,,,,,,,,,,,,,,,,,,
2/6/2025 10:41,EUR/USD declines as US Dollar gains ground ahead of US NFP,https://images.financialmodelingprep.com/news/eurusd-declines-as-us-dollar-gains-ground-ahead-of-20250206.jpg,fxstreet.com,EUR/USD corrects to near 1.0360 in Thursday's European session. The major currency pair drops as the US Dollar (USD) gains ground after a sharp downside move in the last three trading days.,https://www.fxstreet.com/news/eur-usd-declines-as-us-dollar-gains-ground-ahead-of-us-nfp-202502061041,EURUSD,0,-0.6,-1,0.8,1,day,0.7,,,,,,,,,,,,,,,,,,,
2/6/2025 13:34,"EUR/USD, USD/JPY and AUD/USD Forecast – US Dollar Recovers a Bit Against Multiple Currencies",https://images.financialmodelingprep.com/news/eurusd-usdjpy-and-audusd-forecast-us-dollar-recovers-a-20250206.jpg,fxempire.com,"The US Dollar has shown signs of life again in early Thursday trading, as traders will be cautious about being overly exposed to the bounce from several currencies ahead of the Non-Farm Payroll announcement.",https://www.fxempire.com/forecasts/article/eur-usd-usd-jpy-and-aud-usd-forecast-us-dollar-recovers-a-bit-against-multiple-currencies-1495921,EURUSD,0.3,-0.2,-1,0.6,0.8,day,0.4,,,,,,,,,,,,,,,,,,,
2/6/2025 13:41,EUR/USD: Ignores stronger German Factory Orders data – Scotiabank,https://images.financialmodelingprep.com/news/eurusd-ignores-stronger-german-factory-orders-data-scotiabank-20250206.jpg,fxstreet.com,"German Factory Orders data for December rose a solid 6.9% in the month, versus expectations for a 2.0% gain, Scotiabank's Chief FX Strategist Shaun Osborne notes.  ",https://www.fxstreet.com/news/eur-usd-ignores-stronger-german-factory-orders-data-scotiabank-202502061341,EURUSD,0,0,0,0.5,0.5,day,0.3,,,,,,,,,,,,,,,,,,,
2/6/2025 13:50,EUR/USD – 06.02.2025,https://images.financialmodelingprep.com/news/eurusd-06022025-20250206.jpg,orbex.com,The Euro passed above the 1.0350-60 resistance as our target still stands toward 1.0610-30. Intraday support zone starts from 1.0350-60.,https://www.orbex.com/blog/en/2025/02/eur-usd-06-02-2025-2,EURUSD,0.8,0.6,1,0.8,1,week,0.7,2,,,,,,,,,,,,,,,,,,
2/6/2025 16:08,EUR/USD Price Analysis: Bulls pause as pair retreats toward 20-day SMA,https://images.financialmodelingprep.com/news/eurusd-price-analysis-bulls-pause-as-pair-retreats-toward-20250206.jpg,fxstreet.com,"The EUR/USD pair pulled back on Thursday, declining by 0.45% to 1.0370 as bullish momentum faded. After climbing above the 20-day Simple Moving Average (SMA) at the start of the week, the pair now faces renewed bearish pressure, with sellers attempting to push it back toward this key support level.",https://www.fxstreet.com/news/eur-usd-price-analysis-bulls-pause-as-pair-retreats-toward-20-day-sma-202502061608,EURUSD,-0.2,-0.3,-1,0.7,1,day,0.5,,,,,,,,,,,,,,,,,,,
2/6/2025 16:42,"U.S. Dollar Rebounds: Analysis For EUR/USD, GBP/USD, USD/CAD, USD/JPY",https://images.financialmodelingprep.com/news/us-dollar-rebounds-analysis-for-eurusd-gbpusd-usdcad-usdjpy-20250206.jpg,fxempire.com,"U.S. dollar gained ground, supported by rising Treasury yields.",https://www.fxempire.com/forecasts/article/u-s-dollar-rebounds-analysis-for-eur-usd-gbp-usd-usd-cad-usd-jpy-4-1496006,EURUSD,0.3,-0.6,-1,0.8,0.9,week,0.7,,,,,,,,,,,,,,,,,,,
2/6/2025 18:06,EUR/USD Forecast: Bullish Momentum Loses Ground Ahead of NFP Release,https://images.financialmodelingprep.com/news/eurusd-forecast-bullish-momentum-loses-ground-ahead-of-nfp-20250206.jpg,forex.com,The EUR/USD has dropped nearly 1% from yesterday's high of 1.04427. This decline is primarily due to the market adopting a defensive stance in favor of the U.S. dollar ahead of the upcoming Non-Farm Payrolls (NFP) report in the United States.,https://www.forex.com/en-us/news-and-analysis/eurusd-forecast-bullish-momentum-loses-ground-ahead-of-nfp-release/,EURUSD,-0.2,-0.7,-1,0.8,1,day,0.7,,,,,,,,,,,,,,,,,,,
2/6/2025 19:13,Euro Short-term Outlook: EUR/USD Poised for February Breakout,https://images.financialmodelingprep.com/news/euro-shortterm-outlook-eurusd-poised-for-february-breakout-20250206.jpg,forex.com,Euro defended the 1.02-handle again this week with a rebound off trend support threatening a larger recovery. Battlelines drawn on the EUR/USD technical charts into NFP.,https://www.forex.com/en-us/news-and-analysis/euro-short-term-outlook-eur-usd-poised-for-february-breakout-2-6-2025/,EURUSD,-0.2,0.3,1,0.7,1,week,0.5,,,,,,,,,,,,,,,,,,,
2/7/2025 0:08,EUR/USD hobbles into another NFP Friday,https://images.financialmodelingprep.com/news/eurusd-hobbles-into-another-nfp-friday-20250206.jpg,fxstreet.com,"EUR/USD churned some chart paper on Thursday, testing to the low side but wrapped up the day remaining stubbornly stuck near the 1.0400 handle. Euro bidders were entirely uninspired by Pan-EU Retail Sales figures that came in exactly as expected.",https://www.fxstreet.com/news/eur-usd-hobbles-into-another-nfp-friday-202502070008,EURUSD,0,0,0,0.5,1,day,0.3,,,,,,,,,,,,,,,,,,,
2/7/2025 5:00,EUR/USD weakens below 1.0400 as traders await US NFP release,https://images.financialmodelingprep.com/news/eurusd-weakens-below-10400-as-traders-await-us-nfp-20250207.jpg,fxstreet.com,EUR/USD weakens below 1.0400 as traders await US NFP release,https://www.fxstreet.com/news/eur-usd-weakens-below-10400-as-traders-await-us-nfp-release-202502070500,EURUSD,0,-0.3,-1,0.7,1,day,0.5,,,,,,,,,,,,,,,,,,,
2/7/2025 7:35,US Dollar Forecast: Will Strong Jobs Data Lift USD? GBP/USD and EUR/USD Outlook,https://images.financialmodelingprep.com/news/us-dollar-forecast-will-strong-jobs-data-lift-usd-20250207.jpg,fxempire.com,US jobs report in focus—can a strong payroll print extend USD's rally? Watch key levels for GBP/USD and EUR/USD price action.,https://www.fxempire.com/forecasts/article/us-dollar-forecast-will-strong-jobs-data-lift-usd-gbp-usd-and-eur-usd-outlook-1496089,EURUSD,0,-0.3,-1,0.6,0.8,week,0.5,,,,,,,,,,,,,,,,,,,
2/7/2025 8:01,"EURUSD, Dow Forecast: NFP, CPI, and Trump Policies",https://images.financialmodelingprep.com/news/eurusd-dow-forecast-nfp-cpi-and-trump-policies-20250207.jpg,forex.com,"Following stronger-than-expected earnings from Amazon on Thursday, the Dow climbed back towards the 45,000 zone but failed to break through, marking the seventh consecutive rejection at this key resistance on the daily chart. Trump's policies, combined with China's AI rivalry, continue to weigh on the markets, keeping haven assets in demand and preventing US indices from reaching new highs.",https://www.forex.com/en-us/news-and-analysis/eurusd-dow-forecast-nfp-cpi-and-trump-policies/,EURUSD,0.2,-0.3,-1,0.6,0.5,week,0.4,,,,,,,,,,,,,,,,,,,
2/7/2025 9:35,EUR/USD: Price movements are likely part of a range trading phase – UOB Group,https://images.financialmodelingprep.com/news/eurusd-price-movements-are-likely-part-of-a-range-20250207.jpg,fxstreet.com,"Current price movements are likely part of a range trading phase, probably between 1.0355 and 1.0415. In the longer run, outlook is unclear; EUR could trade in a broad range of 1.0250/1.0490 for the time being, UOB Group's FX analysts Quek Ser Leang and Peter Chia note.",https://www.fxstreet.com/news/eur-usd-price-movements-are-likely-part-of-a-range-trading-phase-uob-group-202502070935,EURUSD,0,0,0,0.5,1,week,0.5,,,,,,,,,,,,,,,,,,,
2/7/2025 9:53,EUR/USD wobbles ahead of US NFP report,https://images.financialmodelingprep.com/news/eurusd-wobbles-ahead-of-us-nfp-report-20250207.jpg,fxstreet.com,"EUR/USD steadies in a tight range around 1.0400 in Friday's European session as the US Dollar (USD) trades cautiously ahead of the United States (US) Nonfarm Payrolls (NFP) data for January, which will be published at 13:30 GMT. The US Dollar Index (DXY), which tracks the Greenback's value against six major currencies, ticks lower to near 107.60.",https://www.fxstreet.com/news/eur-usd-wobbles-ahead-of-us-nfp-report-202502070953,EURUSD,0,0,0,0.5,1,day,0.5,,,,,,,,,,,,,,,,,,,
2/7/2025 14:07,EUR/USD –07.02.2025,https://images.financialmodelingprep.com/news/eurusd-07022025-20250207.jpg,orbex.com,As we advised this week Euro managed to pass above 1.0350-60 resistance while our target still toward 1.0610-30 Intraday support zone starting from 1.0350-60 Below 1.0350 more drop may hit the market while support 1.0175 may keep the uptrend ongoing Below 1.0175 more drop will be expected toward 1.0075 and maybe 1.0000 SUPPORT RESISTANCE LEVEL1 1.0350-60 […],https://www.orbex.com/blog/en/2025/02/eur-usd-07-02-2025,EURUSD,0,0,0,0.5,1,day,0.5,,,,,,,,,,,,,,,,,,,
2/7/2025 14:57,"EUR/USD, USD/JPY and AUD/USD Forecast – US Dollar Mixed After NFP",https://images.financialmodelingprep.com/news/eurusd-usdjpy-and-audusd-forecast-us-dollar-mixed-after-20250207.jpg,fxempire.com,"The US dollar is a bit noisy after the Non-Farm Payroll announcement in the United States came out with a lower headline number, but stronger and more hawkish internals.",https://www.fxempire.com/forecasts/article/eur-usd-usd-jpy-and-aud-usd-forecast-us-dollar-mixed-after-nfp-1496194,EURUSD,0,0.1,1,0.6,0.5,day,0.3,,,,,,,,,,,,,,,,,,,
2/7/2025 17:18,"U.S. Dollar Gains Ground As Inflation Expectations Increase: Analysis For EUR/USD, GBP/USD, USD/CAD, USD/JPY",https://images.financialmodelingprep.com/news/us-dollar-gains-ground-as-inflation-expectations-increase-analysis-20250207.jpg,fxempire.com,U.S. dollar moved higher as traders focused on the significant increase in year-ahead inflation expectations.,https://www.fxempire.com/forecasts/article/u-s-dollar-gains-ground-as-inflation-expectations-increase-analysis-for-eur-usd-gbp-usd-usd-cad-usd-jpy-1496239,EURUSD,0,-0.6,-1,0.8,0.9,week,0.7,,,,,,,,,,,,,,,,,,,
2/8/2025 9:01,EUR/USD Weekly Outlook,https://images.financialmodelingprep.com/news/eurusd-weekly-outlook-20250208.jpg,actionforex.com,"Despite all the volatility last week, EUR/USD is still bounded in range above 1.0176. Initial bias remains neutral this week and further decline is expected.",https://www.actionforex.com/technical-outlook/eurusd-outlook/585687-eur-usd-weekly-outlook-397/,EURUSD,0.2,-0.3,-1,0.6,0.8,week,0.5,,,,,,,,,,,,,,,,,,,
2/9/2025 3:00,EUR/USD Forecast: Focus Turns to US Inflation Data in Week Ahead,https://images.financialmodelingprep.com/news/eurusd-forecast-focus-turns-to-us-inflation-data-in-20250208.jpg,forex.com,"With Federal Reserve Chair Jerome Powell's testimony, US CPI data, and key corporate earnings due this week, the EUR/USD forecast remains cautiously bearish.",https://www.forex.com/en-us/news-and-analysis/eur-usd-forecast-focus-turns-to-us-inflation-data-in-week-ahead/,EURUSD,0,-0.3,-1,0.7,0.9,week,0.8,,,,,,,,,,,,,,,,,,,
2/10/2025 0:58,EUR/USD remains subdued around 1.0300 due to fresh Trump tariff threats,https://images.financialmodelingprep.com/news/eurusd-remains-subdued-around-10300-due-to-fresh-trump-20250209.jpg,fxstreet.com,"EUR/USD continues its losing streak for the third consecutive session, trading near 1.0310 during Asian trading hours on Monday. The pair remains under pressure as investors anticipate a widening interest rate gap between the United States (US) and the Eurozone.",https://www.fxstreet.com/news/eur-usd-remains-subdued-around-10300-due-to-fresh-trump-tariff-threats-202502100058,EURUSD,0.8,-0.7,-1,0.8,1,week,0.7,2,,,,,,,,,,,,,,,,,,
2/10/2025 2:58,Euro's Gains Restricted: EUR/USD Faces Strong Resistance,https://images.financialmodelingprep.com/news/euros-gains-restricted-eurusd-faces-strong-resistance-20250209.jpg,actionforex.com,"Looking at the 4-hour chart, the pair settled below the 1.0380 level, the 100 simple moving average (red, 4-hour), and the 200 simple moving average (green, 4-hour). The bears pushed the pair below the 50% Fib retracement level of the upward move from the 1.0210 swing low to the 1.0442 high.",https://www.actionforex.com/contributors/technical-analysis/585713-euros-gains-restricted-eur-usd-faces-strong-resistance/,EURUSD,0.2,-0.6,-1,0.8,1,week,0.7,,,,,,,,,,,,,,,,,,,
2/10/2025 4:42,EUR/USD softens to near 1.0300 ahead of ECB's Lagarde speech,https://images.financialmodelingprep.com/news/eurusd-softens-to-near-10300-ahead-of-ecbs-lagarde-20250209.jpg,fxstreet.com,EUR/USD softens to near 1.0300 ahead of ECB's Lagarde speech,https://www.fxstreet.com/news/eur-usd-softens-to-near-10300-ahead-of-ecbs-lagarde-speech-202502100442,EURUSD,0,-0.3,-1,0.7,1,day,0.5,,,,,,,,,,,,,,,,,,,
2/10/2025 7:56,EUR/USD rebounds while US Trump's tariffs threats keep it on tenterhooks,https://images.financialmodelingprep.com/news/eurusd-rebounds-while-us-trumps-tariffs-threats-keep-it-20250210.jpg,fxstreet.com,EUR/USD recovers above 1.0300 in Monday's European session after a weak opening around 1.0280. The major currency opened on a weak note as investors rushed to the safe-haven fleet on renewed United States (US) President Donald Trump's tariff fears.,https://www.fxstreet.com/news/eur-usd-rebounds-while-us-trumps-tariffs-threats-keep-it-on-tenterhooks-202502100756,EURUSD,0.8,0.3,1,0.8,1,week,0.7,2,,,,,,,,,,,,,,,,,,
2/10/2025 8:58,"US Dollar Forecast: NFP Miss, CPI in Focus This Week– GBP/USD & EUR/USD Outlook",https://images.financialmodelingprep.com/news/us-dollar-forecast-nfp-miss-cpi-in-focus-this-20250210.jpg,fxempire.com,"US Dollar holds steady as traders eye CPI data after NFP miss. Can GBP/USD and EUR/USD sustain gains, or will Fed policy shift market sentiment?",https://www.fxempire.com/forecasts/article/us-dollar-forecast-nfp-miss-cpi-in-focus-this-week-gbp-usd-eur-usd-outlook-1496552,EURUSD,0,0,0,0.5,0.5,week,0.5,,,,,,,,,,,,,,,,,,,
2/10/2025 9:56,EUR/USD: To trade in a broad range of 1.0250/1.0490 – UOB Group,https://images.financialmodelingprep.com/news/eurusd-to-trade-in-a-broad-range-of-1025010490-uob-20250210.jpg,fxstreet.com,"Scope for EUR to weaken further; any decline is unlikely to reach the major support at 1.0250. In the longer run, outlook is unclear; EUR could trade in a broad range of 1.0250/1.0490 for the time being, UOB Group's FX analysts Quek Ser Leang and Peter Chia note.",https://www.fxstreet.com/news/eur-usd-to-trade-in-a-broad-range-of-10250-10490-uob-group-202502100956,EURUSD,0.3,-0.2,-1,0.6,1,week,0.5,,,,,,,,,,,,,,,,,,,
2/10/2025 10:05,EUR/USD: Under pressure on the day – OCBC,https://images.financialmodelingprep.com/news/eurusd-under-pressure-on-the-day-ocbc-20250210.jpg,fxstreet.com,"Euro (EUR) continued to trade under pressure on tariff concerns – be it universal tariffs, reciprocal tariffs or tariffs on European autos. EUR was last at 1.0325 levels, OCBC's FX analysts Frances Cheung and Christopher Wong note.",https://www.fxstreet.com/news/eur-usd-under-pressure-on-the-day-ocbc-202502101005,EURUSD,0.9,-0.8,-1,0.9,1,week,0.8,2,,,,,,,,,,,,,,,,,,
2/10/2025 12:57,EUR/USD –10.02.2025,https://images.financialmodelingprep.com/news/eurusd-10022025-20250210.jpg,orbex.com,"Euro managed to fell below 1.0350-60 support zone which may add more drop pressure as we advised last week As we see over our previous chart, the break below 1.0350 may push for farther drop toward 1.0200 zone A rebound above 1.0360 may restore strength for farther advance toward 1.0470 and 1.0530 SUPPORT RESISTANCE LEVEL1 […]",https://www.orbex.com/blog/en/2025/02/eur-usd-10-02-2025,EURUSD,0.2,-0.6,-1,0.7,1,week,0.8,,,,,,,,,,,,,,,,,,,
2/10/2025 13:25,EUR/USD trading strategy: how Trump's tariffs changed everything | Trade of the Week February 2025,https://images.financialmodelingprep.com/news/eurusd-trading-strategy-how-trumps-tariffs-changed-everything-trade-20250210.jpg,youtube.com,"After a challenging January, we analyse a potential EUR/USD long position following Trump's new steel tariffs announcement. Learn why risking 2% per trade is crucial for portfolio management, and discover our technical analysis for key entry points, stop-loss levels and profit targets in this major forex pair.",https://www.youtube.com/watch?v=tb3nptd0vKQ,EURUSD,0.9,-0.7,-1,0.8,1,month,0.8,2,,,,,,,,,,,,,,,,,,
2/10/2025 13:36,"EUR/USD, USD/JPY and AUD/USD Forecast – US Dollar Mixed",https://images.financialmodelingprep.com/news/eurusd-usdjpy-and-audusd-forecast-us-dollar-mixed-20250210.jpg,fxempire.com,"The US dollar has been a bit back and forth against the major currencies in the early hours of Monday morning. At this point, there is nothing to suggest that the trend is changing though.",https://www.fxempire.com/forecasts/article/eur-usd-usd-jpy-and-aud-usd-forecast-us-dollar-mixed-1496657,EURUSD,0.2,0,0,0.5,0.7,day,0.3,,,,,,,,,,,,,,,,,,,
2/10/2025 16:54,"U.S. Dollar Moves Higher At The Start Of The Week: Analysis For EUR/USD, GBP/USD, USD/CAD, USD/JPY",https://images.financialmodelingprep.com/news/us-dollar-moves-higher-at-the-start-of-the-20250210.jpg,fxempire.com,Donald Trump's plans to impose 25% tariffs on aluminum and steel imports provide support to the American currency.,https://www.fxempire.com/forecasts/article/u-s-dollar-moves-higher-at-the-start-of-the-week-analysis-for-eur-usd-gbp-usd-usd-cad-usd-jpy-1496705,EURUSD,0.8,-0.6,-1,0.8,0.7,month,0.7,2,,,,,,,,,,,,,,,,,,
2/10/2025 19:45,"USD into a Big Week with Powell and CPI: EUR/USD, USD/JPY",https://images.financialmodelingprep.com/news/usd-into-a-big-week-with-powell-and-cpi-20250210.jpg,forex.com,"It's a big week for the U.S. Dollar, and the CPI release on Wednesday morning is an obvious item. That data point has had a large impact on USD/JPY, helping to drive three different bearish reversals in the past couple years along with the 151.95 breakout last April, and it's on display this week.",https://www.forex.com/en-us/news-and-analysis/usd-into-a-big-week-powell-cpi-eurusd-usdjpy-21025/,EURUSD,0,0,0,0.5,0.5,week,0.5,,,,,,,,,,,,,,,,,,,
2/10/2025 21:33,Eurozone to shrug off Trump steel and aluminium tariffs? EUR/USD forecast to 1.08,https://images.financialmodelingprep.com/news/eurozone-to-shrug-off-trump-steel-and-aluminium-tariffs-eurusd-20250210.jpg,forexlive.com,"Morgan Stanley saiy the euro may gain strength against the dollar if the EU manages to avoid heavy tariffs from Trump. They anticipated that in late 2025, the U.S. will introduce gradual and targeted tariffs on the EU, following the reinstatement of Section 232 tariffs on steel and aluminum.",https://www.forexlive.com/news/eurozone-to-shrug-off-trump-steel-and-aluminium-tariffs-eurusd-forecast-to-108-20250210/,EURUSD,0.8,0.6,1,0.8,0.9,month,0.7,2,,,,,,,,,,,,,,,,,,
2/10/2025 23:43,EUR/USD slips into a third straight loss as tariff concerns weigh,https://images.financialmodelingprep.com/news/eurusd-slips-into-a-third-straight-loss-as-tariff-20250210.jpg,fxstreet.com,"EUR/USD declined around one-third of one percent on Monday, falling back into the 1.0300 handle as market sentiment takes a knee. Investors are awaiting clearer signals from central bank policymakers, but a fresh batch of executive orders from US President Donald Trump regarding tariffs make the outlook murkier.",https://www.fxstreet.com/news/eur-usd-slips-into-a-third-straight-loss-as-tariff-concerns-weigh-202502102342,EURUSD,0.8,-0.3,-1,0.7,1,week,0.6,2,,,,,,,,,,,,,,,,,,
2/11/2025 12:00,EUR/USD forecast: Euro rebounds but pressure remains amid tariff threats,https://images.financialmodelingprep.com/news/eurusd-forecast-euro-rebounds-but-pressure-remains-amid-tariff-20250211.jpg,forex.com,"The US dollar weakened slightly against most major currencies except the yen, though the overarching trend for the greenback retains a modestly bullish bias. The EUR/USD forecast is thus still modestly bearish, even if the pair has shown a slight rebound from around the 1.0300 handle.",https://www.forex.com/en-us/news-and-analysis/eur-usd-forecast-euro-rebounds-but-pressure-remains-amid-tariff-threats/,EURUSD,0.8,-0.3,-1,0.7,1,week,0.8,,,,,,,,,,,,,,,,,,,
2/11/2025 13:44,"EUR/USD, USD/JPY and AUD/USD Forecast – US Dollar Mixed in Early Trading",https://images.financialmodelingprep.com/news/eurusd-usdjpy-and-audusd-forecast-us-dollar-mixed-in-20250211.jpg,fxempire.com,"The US dollar is somewhat choppy and mixed in the early hours of Tuesday, but at this point in time it is still by far the strongest currency that I follow.",https://www.fxempire.com/forecasts/article/eur-usd-usd-jpy-and-aud-usd-forecast-us-dollar-mixed-in-early-trading-1496934,EURUSD,0.2,-0.3,-1,0.6,0.5,day,0.4,,,,,,,,,,,,,,,,,,,
2/11/2025 16:05,EUR/USD Price Analysis: Bulls push higher as focus shifts to Powell's testimony,https://images.financialmodelingprep.com/news/eurusd-price-analysis-bulls-push-higher-as-focus-shifts-20250211.jpg,fxstreet.com,"EUR/USD continued its upward trajectory on Tuesday, gaining 0.30% to trade at 1.0335 as buyers extended their control above the 20-day Simple Moving Average (SMA). The pair's technical outlook appears increasingly constructive, though the upcoming testimony by Federal Reserve Chair Jerome Powell may introduce fresh volatility.",https://www.fxstreet.com/news/eur-usd-price-analysis-bulls-push-higher-as-focus-shifts-to-powells-testimony-202502111605,EURUSD,0,0.3,1,0.7,1,day,0.5,,,,,,,,,,,,,,,,,,,
2/11/2025 16:15,EUR/USD Recovers as Chair Powell Remains Willing to Adjust Policy,https://images.financialmodelingprep.com/news/eurusd-recovers-as-chair-powell-remains-willing-to-adjust-20250211.jpg,forex.com,EUR/USD retraces the decline from the start of the week as Federal Reserve Chairman Jerome Powell reiterates that ‘we do not need to be in a hurry to adjust our policy stance.',https://www.forex.com/en-us/news-and-analysis/eurusd-recovers-as-chair-powell-remains-willing-to-adjust-policy-02-11-2025/,EURUSD,-0.2,0.3,1,0.7,0.9,week,0.6,,,,,,,,,,,,,,,,,,,
2/11/2025 16:38,"U.S. Dollar Pulls Back As Traders Focus On Powell's Testimony: Analysis For EUR/USD, GBP/USD, USD/CAD, USD/JPY",https://images.financialmodelingprep.com/news/us-dollar-pulls-back-as-traders-focus-on-powells-20250211.jpg,fxempire.com,U.S. Dollar Index is heading towards the 108.00 level.,https://www.fxempire.com/forecasts/article/u-s-dollar-pulls-back-as-traders-focus-on-powells-testimony-analysis-for-eur-usd-gbp-usd-usd-cad-usd-jpy-1497013,EURUSD,0,0.3,1,0.7,0.8,week,0.5,,,,,,,,,,,,,,,,,,,
2/11/2025 23:16,EUR/USD gains ground as markets look higher,https://images.financialmodelingprep.com/news/eurusd-gains-ground-as-markets-look-higher-20250211.jpg,fxstreet.com,"EUR/USD snapped a three-day losing streak, recovering ground and rebounding to just north of 1.0350 as broad-market flows reversed out of the safe haven Greenback and investor sentiment broadly rebounded. Investors are shrugging off US President Donald Trump's latest tariff threats, and Federal Reserve (Fed) Chair Jerome Powell reiterated the Fed's dedication to following a data-dependent approach in the face of volatile, inconsistent trade policy messaging from the Trump administration.",https://www.fxstreet.com/news/eur-usd-gains-ground-as-markets-look-higher-202502112316,EURUSD,-0.3,0.6,1,0.8,0.9,week,0.7,,,,,,,,,,,,,,,,,,,
2/12/2025 4:51,"EUR/USD remains above 1.0350, downside seems possible due to reciprocal tariff threats",https://images.financialmodelingprep.com/news/eurusd-remains-above-10350-downside-seems-possible-due-to-20250211.jpg,fxstreet.com,"EUR/USD remains steady around 1.0360 during Asian trading hours on Wednesday after gaining in the previous session. The pair could depreciate as US President Donald Trump's administration is advancing a plan for reciprocal tariffs through executive action, bypassing Congress.",https://www.fxstreet.com/news/eur-usd-remains-above-10350-downside-seems-possible-due-to-reciprocal-tariff-threats-202502120451,EURUSD,0.8,-0.6,-1,0.8,1,month,0.7,3,,,,,,,,,,,,,,,,,,
2/12/2025 7:05,US Dollar Forecast: Can CPI Data Fuel a DXY Rally? – GBP/USD and EUR/USD Outlook,https://images.financialmodelingprep.com/news/us-dollar-forecast-can-cpi-data-fuel-a-dxy-20250212.jpg,fxempire.com,"Can the upcoming CPI report shift Fed expectations? US Dollar Index holds firm, with GBP/USD & EUR/USD at key levels.",https://www.fxempire.com/forecasts/article/us-dollar-forecast-can-cpi-data-fuel-a-dxy-rally-gbp-usd-and-eur-usd-outlook-1497137,EURUSD,0,0,0,0.5,0.5,day,0.5,,,,,,,,,,,,,,,,,,,
2/12/2025 8:19,EUR/USD: Likely to trade with an upward bias – UOB Group,https://images.financialmodelingprep.com/news/eurusd-likely-to-trade-with-an-upward-bias-uob-20250212.jpg,fxstreet.com,"Euro (EUR) is likely to trade with an upward bias; a clear break above 1.0405 appears unlikely. In the longer run, outlook remains unclear; price movements are likely to stay within a 1.0250/1.0450 range for now, UOB Group's FX analysts Quek Ser Leang and Peter Chia note.",https://www.fxstreet.com/news/eur-usd-likely-to-trade-with-an-upward-bias-uob-group-202502120819,EURUSD,0,0.3,1,0.7,1,week,0.5,,,,,,,,,,,,,,,,,,,
2/12/2025 9:44,EUR/USD stays firm ahead of US CPI,https://images.financialmodelingprep.com/news/eurusd-stays-firm-ahead-of-us-cpi-20250212.jpg,fxstreet.com,"EUR/USD moves higher to near 1.0380 in Wednesday's European session ahead of the United States (US) Consumer Price Index (CPI) data for January, which will be published at 13:30 GMT. ",https://www.fxstreet.com/news/eur-usd-stays-firm-ahead-of-us-cpi-202502120944,EURUSD,0,0.1,1,0.6,0.8,day,0.5,,,,,,,,,,,,,,,,,,,
2/12/2025 13:00,EUR/USD –12.02.2025,https://images.financialmodelingprep.com/news/eurusd-12022025-20250212.jpg,orbex.com,"With the market focusing on US Inflation figures, the Euro moved back above the resistance of 1.0360 which gives an indication of another advance. However, and as we see over the chart, prices face Intraday resistance around 1.0440-60, where as long as the market holds below it, a chance for some a correction could hit […]",https://www.orbex.com/blog/en/2025/02/eur-usd-12-02-2025,EURUSD,0.3,0.2,1,0.6,0.8,week,0.5,,,,,,,,,,,,,,,,,,,
2/12/2025 13:38,"EUR/USD, USD/JPY and AUD/USD Forecast – US Dollar Continues to be Mixed",https://images.financialmodelingprep.com/news/eurusd-usdjpy-and-audusd-forecast-us-dollar-continues-to-20250212.jpg,fxempire.com,"The US dollar has been somewhat mixed in the early hours of Wednesday, as we continue to wait for inflation data coming out of the United States.",https://www.fxempire.com/forecasts/article/eur-usd-usd-jpy-and-aud-usd-forecast-us-dollar-continues-to-be-mixed-1497266,EURUSD,0,0,0,0.5,0.5,day,0.3,,,,,,,,,,,,,,,,,,,
2/12/2025 15:44,Euro Technical Forecast: EUR/USD Breakout Looms,https://images.financialmodelingprep.com/news/euro-technical-forecast-eurusd-breakout-looms-20250212.jpg,forex.com,Euro rebounded off multi-month trend support with EUR/USD now unchanged in 2025- range breakout pending. Battle lines drawn on the EUR/USD weekly technical chart.,https://www.forex.com/en-us/news-and-analysis/euro-technical-forecast-eur-usd-poised-for-major-breakout-2-12-2025/,EURUSD,0.2,0,0,0.5,1,week,0.3,,,,,,,,,,,,,,,,,,,
2/12/2025 15:56,EUR/USD Price Analysis: Bulls push higher but face key resistance,https://images.financialmodelingprep.com/news/eurusd-price-analysis-bulls-push-higher-but-face-key-20250212.jpg,fxstreet.com,"The EUR/USD pair edged higher to 1.0375 on Wednesday, as buyers extended their recent recovery efforts. However, the rally met resistance at the 20-day Simple Moving Average (SMA), a key technical barrier that has previously dictated short-term direction.",https://www.fxstreet.com/news/eur-usd-price-analysis-bulls-push-higher-but-face-key-resistance-202502121556,EURUSD,0,0.2,1,0.6,1,day,0.3,,,,,,,,,,,,,,,,,,,
2/12/2025 16:30,"U.S. Dollar Price Action After CPI: EUR/USD, USD/JPY",https://images.financialmodelingprep.com/news/us-dollar-price-action-after-cpi-eurusd-usdjpy-20250212.jpg,forex.com,"U.S. CPI continues to incline but FOMC Chair Jerome Powell didn't seem too concerned when speaking to Congress. The USD/JPY rally has continued, however, even with many other USD markets paring back.",https://www.forex.com/en-us/news-and-analysis/us-dollar-price-action-after-cpi-eurusd-usdjpy-21225/,EURUSD,0.2,0.1,0,0.6,0.5,week,0.3,,,,,,,,,,,,,,,,,,,
2/12/2025 16:57,"U.S. Dollar Gains Ground As Inflation Rate Rises To 3%: Analysis For EUR/USD, GBP/USD, USD/CAD, USD/JPY",https://images.financialmodelingprep.com/news/us-dollar-gains-ground-as-inflation-rate-rises-to-20250212.jpg,fxempire.com,The higher-than-expected inflation data provided support to the American currency.,https://www.fxempire.com/forecasts/article/u-s-dollar-gains-ground-as-inflation-rate-rises-to-3-analysis-for-eur-usd-gbp-usd-usd-cad-usd-jpy-1497339,EURUSD,0,-0.7,-1,0.8,0.9,week,0.7,,,,,,,,,,,,,,,,,,,
2/12/2025 17:48,"EUR/USD reverses early declines, climbs back over 1.04",https://images.financialmodelingprep.com/news/eurusd-reverses-early-declines-climbs-back-over-104-20250212.jpg,fxstreet.com,"EUR/USD clawed back chart paper on Wednesday, rebounding from early losses to reclaim the 1.0400 handle as markets shake off a fresh batch of US inflation figures that broadly accelerated in January. US Consumer Price Index (CPI) numbers came in above forecasts across the board, but markets are absorbing the hit quickly and moving on to fresher headlines.",https://www.fxstreet.com/news/eur-usd-reverses-early-declines-climbs-back-over-104-202502121748,EURUSD,0,0.3,1,0.7,0.9,day,0.5,,,,,,,,,,,,,,,,,,,
2/12/2025 23:23,"EUR/USD regains some ground, but remains hobbled by key technicals",https://images.financialmodelingprep.com/news/eurusd-regains-some-ground-but-remains-hobbled-by-key-20250212.jpg,fxstreet.com,"EUR/USD churned on Wednesday, testing the low end through most of the intraday session before breaking higher after investors tried to shake up an unexpected upswing in US Consumer Price Index (CPI) inflation. The key dataprint on Thursday will be US Producer Price Index (PPI) inflation, as European economic data takes a backseat this week.",https://www.fxstreet.com/news/eur-usd-regains-some-ground-but-remains-hobbled-by-key-technicals-202502122323,EURUSD,0,0,0,0.5,0.8,day,0.5,,,,,,,,,,,,,,,,,,,
2/13/2025 4:12,"EUR/USD is back at its Wednesday high, gold is higher than its",https://images.financialmodelingprep.com/news/eurusd-is-back-at-its-wednesday-high-gold-is-20250212.jpg,forexlive.com,Apart from what has been posted there is no fresh news nor data. EUR and gold both notable performers today.,https://www.forexlive.com/news/eurusd-is-back-at-its-wednesday-high-gold-is-higher-than-its-20250213/,EURUSD,0.2,0.3,1,0.6,0.8,day,0.4,,,,,,,,,,,,,,,,,,,
2/13/2025 4:14,EUR/USD appreciates to near 1.0450 ahead of German HICP inflation data,https://images.financialmodelingprep.com/news/eurusd-appreciates-to-near-10450-ahead-of-german-hicp-20250212.jpg,fxstreet.com,"The EUR/USD pair continues its upward momentum for the third straight session, hovering around 1.0430 during Asian trading hours on Thursday. Investors await Germany's Final Harmonized Index of Consumer Prices (HICP) data, set for release later in the day.",https://www.fxstreet.com/news/eur-usd-appreciates-to-near-10450-ahead-of-german-hicp-inflation-data-202502130414,EURUSD,0,0.2,1,0.7,0.8,day,0.5,,,,,,,,,,,,,,,,,,,
2/13/2025 12:30,EUR/USD forecast: Ukraine war optimism countered by reciprocal tariffs fears,https://images.financialmodelingprep.com/news/eurusd-forecast-ukraine-war-optimism-countered-by-reciprocal-tariffs-20250213.jpg,forex.com,"Despite struggling today, the EUR/USD forecast has improved a little, owing to optimism about the end of Ukraine war. PPI and jobless claims are up next.",https://www.forex.com/en-us/news-and-analysis/eur-usd-forecast-ukraine-war-optimism-countered-by-reciprocal-tariffs-fears/,EURUSD,-0.3,0.2,1,0.6,0.8,week,0.5,,,,,,,,,,,,,,,,,,,
2/13/2025 12:46,EURUSD Found Buyers After 3 Waves Pull Back,https://images.financialmodelingprep.com/news/eurusd-found-buyers-after-3-waves-pull-back-20250213.jpg,actionforex.com,"In this technical article we're going to take a look at the Elliott Wave charts charts of EURUSD forex pair published in members area of the website. As our members know, recently EURUSD made a 3-wave pullback that completed right at the equal legs level.",https://www.actionforex.com/contributors/technical-analysis/586242-eurusd-found-buyers-after-3-waves-pull-back/,EURUSD,0,0,0,0.5,1,day,0.5,,,,,,,,,,,,,,,,,,,
2/13/2025 13:26,"EUR/USD, USD/JPY and AUD/USD Forecast – US Dollar Continues to Flex",https://images.financialmodelingprep.com/news/eurusd-usdjpy-and-audusd-forecast-us-dollar-continues-to-20250213.jpg,fxempire.com,"The US dollar has been somewhat noisy in the early hours of Thursday, but at this point, it should be obvious that the overall strength in the USD is going nowhere.",https://www.fxempire.com/forecasts/article/eur-usd-usd-jpy-and-aud-usd-forecast-us-dollar-continues-to-flex-1497589,EURUSD,0.6,-0.7,-1,0.8,0.9,week,0.7,2,,,,,,,,,,,,,,,,,,
2/13/2025 13:30,EUR/USD to trade around 1.00 in the middle of the year – Rabobank,https://images.financialmodelingprep.com/news/eurusd-to-trade-around-100-in-the-middle-of-the-20250213.jpg,fxstreet.com,EUR/USD to trade around 1.00 in the middle of the year – Rabobank,https://www.fxstreet.com/news/eur-usd-to-trade-around-100-in-the-middle-of-the-year-rabobank-202502131330,EURUSD,0,0,0,0.5,1,month,0.5,,,,,,,,,,,,,,,,,,,
2/13/2025 14:09,EUR/USD – 13.02.2025,https://images.financialmodelingprep.com/news/eurusd-13022025-20250213.jpg,orbex.com,"The Euro passed above the downtrend resistance line which indicates strength in the market. As we see over the chart, the market is facing Intraday support around 1.0370.",https://www.orbex.com/blog/en/2025/02/eur-usd-13-02-2025,EURUSD,0.2,0.6,1,0.7,1,week,0.5,,,,,,,,,,,,,,,,,,,
2/13/2025 16:14,EUR/USD Price Analysis: Bulls extend gains as pair secures position above 20-day SMA,https://images.financialmodelingprep.com/news/eurusd-price-analysis-bulls-extend-gains-as-pair-secures-20250213.jpg,fxstreet.com,"EUR/USD continued its recovery on Thursday, inching up to 1.0385 and reinforcing its breakout above the 20-day Simple Moving Average (SMA). After several failed attempts to sustain gains earlier in the week, the pair now appears to have made a decisive move, shifting the short-term bias in favor of buyers.",https://www.fxstreet.com/news/eur-usd-price-analysis-bulls-extend-gains-as-pair-secures-position-above-20-day-sma-202502131614,EURUSD,0,0.6,1,0.8,1,week,0.7,,,,,,,,,,,,,,,,,,,
2/13/2025 16:43,"U.S. Dollar Retreats As Traders Focus On Tariff Plans: Analysis For EUR/USD, GBP/USD, USD/CAD, USD/JPY",https://images.financialmodelingprep.com/news/us-dollar-retreats-as-traders-focus-on-tariff-plans-20250213.jpg,fxempire.com,U.S. dollar is under pressure despite higher-than-expected PPI report.,https://www.fxempire.com/forecasts/article/u-s-dollar-retreats-as-traders-focus-on-tariff-plans-analysis-for-eur-usd-gbp-usd-usd-cad-usd-jpy-1497661,EURUSD,0.7,0.6,1,0.8,0.9,week,0.7,2,,,,,,,,,,,,,,,,,,
2/13/2025 23:42,EUR/USD climbs as sentiment pushes Greenback lower,https://images.financialmodelingprep.com/news/eurusd-climbs-as-sentiment-pushes-greenback-lower-20250213.jpg,fxstreet.com,"EUR/USD caught a bid on Thursday, climbing seven-tenths of one percent and vaulting back over the 1.0400 handle. A general weakening in the Greenback bolstered Fiber flows off the back of not-as-bad-as-expected US Producer Price Index (PPI) inflation figures.",https://www.fxstreet.com/news/eur-usd-climbs-as-sentiment-pushes-greenback-lower-202502132342,EURUSD,-0.2,0.7,1,0.8,1,week,0.7,,,,,,,,,,,,,,,,,,,
2/14/2025 4:27,EUR/USD stays silent around 1.0450 ahead of Eurozone GDP data,https://images.financialmodelingprep.com/news/eurusd-stays-silent-around-10450-ahead-of-eurozone-gdp-20250213.jpg,fxstreet.com,"EUR/USD holds steady around 1.0460 during Asian trading hours on Friday, following three consecutive sessions of gains. The pair strengthened after US President Donald Trump delayed the implementation of reciprocal tariffs.",https://www.fxstreet.com/news/eur-usd-stays-silent-around-10450-ahead-of-eurozone-gdp-data-202502140427,EURUSD,0.3,0.1,1,0.6,0.8,day,0.4,,,,,,,,,,,,,,,,,,,
2/14/2025 7:27,US Dollar Forecast: Retail Sales Data Looms as EUR/USD and GBP/USD Hold Gains,https://images.financialmodelingprep.com/news/us-dollar-forecast-retail-sales-data-looms-as-eurusd-20250214.jpg,fxempire.com,"US Dollar faces pressure as Retail Sales data approaches, with EUR/USD and GBP/USD holding gains amid easing inflation concerns.",https://www.fxempire.com/forecasts/article/us-dollar-forecast-retail-sales-data-looms-as-eur-usd-and-gbp-usd-hold-gains-1497750,EURUSD,0,0.3,1,0.7,0.8,day,0.5,,,,,,,,,,,,,,,,,,,
2/14/2025 9:42,EUR/USD: Technical target for EUR is 1.0530 – UOB Group,https://images.financialmodelingprep.com/news/eurusd-technical-target-for-eur-is-10530-uob-group-20250214.jpg,fxstreet.com,"Outlook for Euro (EUR) vs US Dollar (USD) is positive, with a technical target of 1.0530. In the longer run, scope for EUR to test 1.0495; the major resistance at 1.0530 is unlikely to come under threat, UOB Group's FX analysts Quek Ser Leang and Peter Chia note.",https://www.fxstreet.com/news/eur-usd-technical-target-for-eur-is-10530-uob-group-202502140942,EURUSD,-0.3,0.6,1,0.8,1,week,0.7,,,,,,,,,,,,,,,,,,,
2/14/2025 9:48,"EUR/USD: Buoyed by peace dividend, tariff delay – OCBC",https://images.financialmodelingprep.com/news/eurusd-buoyed-by-peace-dividend-tariff-delay-ocbc-20250214.jpg,fxstreet.com,Euro (EUR) vs US Dollar (USD) continued to trade higher on news that reciprocal tariffs does not comes into effect immediately but sometime in 1 Apr. The 6weeks+ push suggests that Trump may want to leverage on the threats to open up negotiations with some trade partners. The delay and hopes of Ukraine peace dividend is frustrating EUR shorts.,https://www.fxstreet.com/news/eur-usd-buoyed-by-peace-dividend-tariff-delay-ocbc-202502140948,EURUSD,0.8,0.6,1,0.8,0.9,week,0.7,2,,,,,,,,,,,,,,,,,,
2/14/2025 10:11,"EUR/USD gains on delay in Trump's reciprocal tariffs, optimism over Russia-Ukraine peace",https://images.financialmodelingprep.com/news/eurusd-gains-on-delay-in-trumps-reciprocal-tariffs-optimism-20250214.jpg,fxstreet.com,EUR/USD extends its winning streak for the fourth trading session on Friday. The major currency pair posts a fresh fortnight high around 1.0480 and aims to extend its upside to near the psychological resistance of 1.0500.,https://www.fxstreet.com/news/eur-usd-gains-on-delay-in-trumps-reciprocal-tariffs-optimism-over-russia-ukraine-peace-202502141011,EURUSD,-0.5,0.7,1,0.8,0.9,week,0.7,2,,,,,,,,,,,,,,,,,,
2/14/2025 11:04,EUR/USD Significantly Rises as Risks Diminish,https://images.financialmodelingprep.com/news/eurusd-significantly-rises-as-risks-diminish-20250214.jpg,actionforex.com,"The euro's gains accelerated after US President Donald Trump signed a memorandum to review retaliatory duties without immediately imposing new tariffs. This decision eased investor concerns, reducing fears of an aggressive US response that could have added to inflationary pressures.",https://www.actionforex.com/contributors/technical-analysis/586372-eur-usd-significantly-rises-as-risks-diminish/,EURUSD,0.7,0.6,1,0.8,0.9,week,0.7,2,,,,,,,,,,,,,,,,,,
2/14/2025 12:00,"EUR/USD forecast: Forex Friday - February 14, 2025",https://images.financialmodelingprep.com/news/eurusd-forecast-forex-friday-february-14-2025-20250214.jpg,forex.com,"The EUR/USD forecast has improved a little this week. Not because we have seen any major improvements in European data or a sharp deterioration in US data, but more so because Trump's reciprocal tariffs won't be applied immediately after all.",https://www.forex.com/en-us/news-and-analysis/eur-usd-forecast-forex-friday-february-14-2025/,EURUSD,0.7,0.3,1,0.8,0.9,week,0.5,2,,,,,,,,,,,,,,,,,,
2/14/2025 13:27,EUR/USD – 14.02.2025,https://images.financialmodelingprep.com/news/eurusd-14022025-20250214.jpg,orbex.com,"The Euro passed above the downtrend resistance line which indicates strength in the market. As we see over the chart, the market is facing Intraday support around 1.0370.",https://www.orbex.com/blog/en/2025/02/eur-usd-14-02-2025,EURUSD,0.2,0.6,1,0.7,1,week,0.5,,,,,,,,,,,,,,,,,,,
2/14/2025 14:03,"EUR/USD, USD/JPY and AUD/USD Forecast – US Dollar Trying to Recover",https://images.financialmodelingprep.com/news/eurusd-usdjpy-and-audusd-forecast-us-dollar-trying-to-20250214.jpg,fxempire.com,"The US dollar is trying to recover on Friday, as recent selling pressure has been strong, but at this point in time, it looks like the market is going to see a bit of recovery.",https://www.fxempire.com/forecasts/article/eur-usd-usd-jpy-and-aud-usd-forecast-us-dollar-trying-to-recover-1497861,EURUSD,0.2,-0.3,-1,0.6,0.8,week,0.5,,,,,,,,,,,,,,,,,,,
2/14/2025 16:05,EUR/USD Price Analysis: Bulls take control as pair climbs to fresh highs,https://images.financialmodelingprep.com/news/eurusd-price-analysis-bulls-take-control-as-pair-climbs-20250214.jpg,fxstreet.com,"EUR/USD continued its upward trajectory on Friday, climbing to 1.0500 and marking its highest level in weeks. The pair's steady ascent above the 20-day Simple Moving Average (SMA) suggests that buyers are regaining control, potentially shifting the short-term outlook to a more constructive stance.",https://www.fxstreet.com/news/eur-usd-price-analysis-bulls-take-control-as-pair-climbs-to-fresh-highs-202502141605,EURUSD,-0.2,0.7,1,0.8,1,week,0.7,,,,,,,,,,,,,,,,,,,
2/14/2025 16:46,"U.S. Dollar Retreats As Retail Sales Fall: Analysis For EUR/USD, GBP/USD, USD/CAD, USD/JPY",https://images.financialmodelingprep.com/news/us-dollar-retreats-as-retail-sales-fall-analysis-for-20250214.jpg,fxempire.com,The weaker-than-expected Retail Sales report put significant pressure on the American currency.,https://www.fxempire.com/forecasts/article/u-s-dollar-retreats-as-retail-sales-fall-analysis-for-eur-usd-gbp-usd-usd-cad-usd-jpy-1497909,EURUSD,0,0.7,1,0.8,0.9,week,0.7,,,,,,,,,,,,,,,,,,,
2/14/2025 19:55,EUR/USD Update: Bullish Bias Returns Amid Growing U.S. Dollar Weakness,https://images.financialmodelingprep.com/news/eurusd-update-bullish-bias-returns-amid-growing-us-dollar-20250214.jpg,forex.com,"The EUR/USD has risen by more than 1.8% from its low recorded on February 10, when it was holding in the 1.02858 zone.",https://www.forex.com/en-us/news-and-analysis/eurusd-update-bullish-bias-returns-amid-growing-us-dollar-weakness/,EURUSD,-0.2,0.7,1,0.8,1,week,0.7,,,,,,,,,,,,,,,,,,,
2/15/2025 17:00,"US Dollar Drops to New 2025 Low vs Euro, Pound As Reciprocal Tariffs Underwhelm",https://images.financialmodelingprep.com/news/us-dollar-drops-to-new-2025-low-vs-euro-20250215.jpg,exchangerates.org.uk,"The DXY dollar basket measures the value of major currencies, with the heaviest weighting given to the euro. The DXY fell to new 2025 lows on Friday which seems to be contrary to the news flow this week.",https://www.exchangerates.org.uk/news/42374/2025-02-15-us-dollar-drops-to-new-2025-low-vs-euro-pound-as-reciprocal-tariffs-underwhelm.html,EURUSD,0.8,0.7,1,0.8,0.9,week,0.7,,,,,,,,,,,,,,,,,,,
2/16/2025 23:24,EURUSD could climb 5% if (big if) Russia Ukraine ceasefire is followed by gas supply boost,https://images.financialmodelingprep.com/news/eurusd-could-climb-5-if-big-if-russia-ukraine-20250216.jpg,forexlive.com,EUR/USD could rise as much as 5% if a Ukraine ceasefire is agreed followed by the resumption of gas supplies A potential ceasefire between Russia and Ukraine seems more likely. Trump and Russian President Vladimir Putin reportedly agreed to start negotiating an end to the war in Ukraine.,https://www.forexlive.com/news/eurusd-could-climb-5-if-big-if-russia-ukraine-ceasefire-is-followed-by-gas-supply-boost-20250216/,EURUSD,0,0.7,1,0.8,0.9,month,0.8,,,,,,,,,,,,,,,,,,,
2/17/2025 0:51,EUR/USD trades below 1.0500 after pausing winning streak,https://images.financialmodelingprep.com/news/eurusd-trades-below-10500-after-pausing-winning-streak-20250216.jpg,fxstreet.com,"EUR/USD halts its four-day winning streak, hovering around 1.0490 during Asian trading hours. Liquidity during the North American session may remain thin as all major US financial markets will be closed on Monday for the federal holiday, Presidents' Day.",https://www.fxstreet.com/news/eur-usd-trades-below-10500-after-pausing-winning-streak-202502170051,EURUSD,0,-0.2,-1,0.6,0.8,day,0.3,,,,,,,,,,,,,,,,,,,
